,,ASIN,helium satış,ca fiyat,usd fiyat,kar,
11.09.2024,https://www.amazon.ca/dp/B00N34LMQ6,B00N34LMQ6,19,CA$34.99,$6.48,CA$7.08,50.00%
11.09.2024,https://www.amazon.ca/dp/B01JLPJM7G?th=1,B01JLPJM7G,28,$34.00,$7.58,CA$5.06,31.00%
11.09.2024,https://www.amazon.ca/dp/B07QJ5M7XX?th=1,B07QJ5M7XX,45,CA$36.88,$8.45,CA$6.09,35.00%
11.09.2024,https://www.amazon.ca/dp/B00937RN2O,B00937RN2O,15,CA$36.40,$9.00,CA$7.10,40.00%
11.09.2024,https://www.amazon.ca/dp/B000C406RG,B000C406RG,7,CA$35.00,$8.65,CA$6.15,35.00%
11.09.2024,https://www.amazon.ca/dp/B07QXMP9HF,B07QXMP9HF,16,CA$37.10,$10.00,CA$4.45,23.00%
11.09.2024,https://www.amazon.ca/dp/B07S3Q4PWP,B07S3Q4PWP,8,CA$60.00,$20.00,CA$11.96,36.00%
11.09.2024,https://www.amazon.ca/dp/B003RBGQH0,B003RBGQH0,13,CA$39.98,$10.28,CA$8.41,43.00%
11.09.2024,https://www.amazon.ca/dp/B087PVPCJH,B087PVPCJH,21,CA$37.99,$9.79,CA$6.25,33.00%
11.09.2024,https://www.amazon.ca/dp/B08CM3B52M,B08CM3B52M,13,CA$42.99,$10.79,CA$5.28,26.00%
11.09.2024,https://www.amazon.ca/dp/B07T3LQY65,B07T3LQY65,7,CA$35.00,$8.99,CA$7.59,42.00%
11.09.2024,https://www.amazon.ca/dp/B006MN4VF4,B006MN4VF4,19,CA$40.71,$9.32,CA$5.79,31.99%
11.09.2024,https://www.amazon.ca/dp/B0000AY4MT,B0000AY4MT,10,CA$38.00,$10.00,CA$5.82,30.00%
13.09.2024,https://www.amazon.ca/dp/B09SHGS97H,B09SHGS97H,11,CA$36.88,$10.00,CA$7.51,39.00%
13.09.2024,https://www.amazon.ca/dp/B00076RC0S,B00076RC0S,30,CA$36.68,$5.38,CA$10.62,83.00%
13.09.2024,https://www.amazon.ca/dp/B007XVYSDE,B007XVYSDE,12,CA$46.11,$12.39,CA$5.17,23.00%
13.09.2024,https://www.amazon.ca/dp/B079GZMCJS,B079GZMCJS,13,CA$35.99,$9.49,CA$7.53,41.00%
13.09.2024,https://www.amazon.ca/dp/B0B6CQK4Y2?th=1,B0B6CQK4Y2,11,CA$39.00,$10.00,CA$7.37,38.00%
13.09.2024,https://www.amazon.ca/dp/B0108D1AA2?th=1,B0108D1AA2,25,CA$48.44,$12.79,CA$1.57,50.00%
14.09.2024,https://www.amazon.ca/dp/B01CLE3DUG?th=1,B01CLE3DUG,29,CA$34.92,$9.50,CA$4.54,24.00%
14.09.2024,https://www.amazon.ca/dp/B08XWPZ6F8?th=1,B08XWPZ6F8,19,CA$36.46,$11.00,CA$4.19,20.00%
14.09.2024,https://www.amazon.ca/dp/B00VG0TCAM?th=1,B00VG0TCAM,18,CA$42.98,$12.98,CA$8.41,36.00%
14.09.2024,https://www.amazon.ca/dp/B08KCD4NQK?th=1,B08KCD4NQK,11,CA$36.31,$10.00,CA$6.52,34.00%
14.09.2024,https://www.amazon.ca/dp/B0CC8ZPPSJ?th=1,B0CC8ZPPSJ,10,CA$32.00,$9.00,CA$4.49,25.00%
14.09.2024,https://www.amazon.ca/dp/B0B433T25C?th=1,B0B433T25C,11,CA$39.89,$11.23,CA$6.11,27.00%
14.09.2024,https://www.amazon.ca/dp/B098KFVYMF?th=1,B098KFVYMF,11,CA$56.00,$18.00,CA$9.01,30.00%
14.09.2024,https://www.amazon.ca/dp/B000GG0BOI?th=1,B000GG0BOI,10,CA$59.00,$19.46,CA$9.30,29.00%
14.09.2024,https://www.amazon.ca/dp/B08GFXS9DM?th=1,B08GFXS9DM,15,CA$45.00,$15.00,CA$8.19,31.00%
14.09.2024,https://www.amazon.ca/dp/B0006A4BSG?th=1,B0006A4BSG,20,CA$49.40,$19.19,CA$4.16,13.00%
14.09.2024,https://www.amazon.ca/dp/B0757KDX2L?th=1,B0757KDX2L,17,CA$52.50,$18.00,CA$7.05,23.00%
14.09.2024,https://www.amazon.ca/dp/B07KRGQTHH?th=1,B07KRGQTHH,12,CA$50.00,$17.00,CA$7.64,26.00%
14.09.2024,https://www.amazon.ca/dp/B086M9NHZC?th=1,B086M9NHZC,11,CA$60.00,$22.06,CA$8.60,24.00%
14.09.2024,https://www.amazon.ca/dp/B076FHMC8Q?th=1,B076FHMC8Q,17,CA$42.25,$16.00,CA$4.02,14.00%
14.09.2024,https://www.amazon.ca/dp/B0CCWPJFLJ?th=1,B0CCWPJFLJ,25,CA$63.00,$20.00,CA$12.88,39.00%
14.09.2024,https://www.amazon.ca/dp/B004EIVYM2?th=1,B004EIVYM2,16,CA$38.50,$10.00,CA$7.64,40.00%
14.09.2024,https://www.amazon.ca/dp/B08XYQGXBL?th=1,B08XYQGXBL,42,CA$47.31,$16.00,CA$6.09,22.00%
14.09.2024,https://www.amazon.ca/dp/B0CZS68YSM?th=1,B0CZS68YSM,17,CA$44.11,$15.00,CA$5.13,20.00%
14.09.2024,https://www.amazon.ca/dp/B09NKQ8MTG?th=1,B09NKQ8MTG,15,CA$41.35,$14.00,CA$5.02,21.00%
14.09.2024,https://www.amazon.ca/dp/B0814LQDVG?th=1,B0814LQDVG,51,CA$75.00,$24.00,CA$10.31,27.00%
14.09.2024,https://www.amazon.ca/dp/B00ET9VD2W?th=1,B00ET9VD2W,18,CA$63.00,$22.00,CA$12.11,34.00%
14.09.2024,https://www.amazon.ca/dp/B001E0ZIWU?th=1,B001E0ZIWU,9,CA$46.50,$15.39,CA$5.57,21.00%
14.09.2024,https://www.amazon.ca/dp/B09SJ6KGQ3?th=1,B09SJ6KGQ3,25,CA$55.54,$20.00,CA$9.95,30.00%
14.09.2024,https://www.amazon.ca/dp/B0CQYFJKDH?th=1,B0CQYFJKDH,17,CA$37.92,$13.00,CA$6.34,28.00%
14.09.2024,https://www.amazon.ca/dp/B0CTQDTF1V?th=1,B0CTQDTF1V,26,CA$60.00,$23.00,CA$6.61,18.00%
14.09.2024,https://www.amazon.ca/dp/B0BLRLKZGR?th=1,B0BLRLKZGR,16,CA$57.90,$20.00,CA$10.00,30.00%
14.09.2024,https://www.amazon.ca/dp/B00YBFTMMM?th=1,B00YBFTMMM,27,CA$65.30,$23.49,CA$7.11,39.00%
14.09.2024,https://www.amazon.ca/dp/B0CBZHMP96?th=1,B0CBZHMP96,21,CA$48.00,$17.00,CA$5.30,18.00%
14.09.2024,https://www.amazon.ca/dp/B079C7DCCR?th=1,B079C7DCCR,21,CA$55.00,$19.00,CA$7.40,23.00%
14.09.2024,https://www.amazon.ca/dp/B0BH8DJBQ3?th=1,B0BH8DJBQ3,16,CA$49.50,$18.00,CA$5.76,19.00%
14.09.2024,https://www.amazon.ca/dp/B08BJCZ1MW?th=1,B08BJCZ1MW,42,CA$55.00,$20.00,CA$5.51,16.00%
14.09.2024,https://www.amazon.ca/dp/B004GKS9J4?th=1,B004GKS9J4,15,CA$59.00,$21.89,CA$8.79,25.00%
14.09.2024,https://www.amazon.ca/dp/B0D25D7BG8?th=1,B0D25D7BG8,13,CA$52.49,$20.00,CA$8.51,27.00%
14.09.2024,https://www.amazon.ca/dp/B00E19WJ1E?th=1,B00E19WJ1E,61,CA$54.15,$20.00,CA$4.53,13.00%
14.09.2024,https://www.amazon.ca/dp/B01K5C6F1U?th=1,B01K5C6F1U,18,CA$48.83,$15.00,CA$8.90,34.00%
14.09.2024,https://www.amazon.ca/dp/B07V1Y3Y8R?th=1,B07V1Y3Y8R,56,CA$68.96,$27.00,CA$10.05,23.00%
14.09.2024,https://www.amazon.ca/dp/B08FT5MQ7D?th=1,B08FT5MQ7D,11,CA$58.09,$23.75,CA$4.62,12.00%
14.09.2024,https://www.amazon.ca/dp/B09Z35M2XN?th=1,B09Z35M2XN,15,CA$47.00,$14.97,CA$7.99,31.00%
14.09.2024,https://www.amazon.ca/dp/B0C6LXZSZW?th=1,B0C6LXZSZW,18,CA$42.37,$16.00,CA$5.63,20.00%
14.09.2024,https://www.amazon.ca/dp/B01DLZVEM8?th=1,B01DLZVEM8,10,CA$53.95,$19.97,CA$6.44,19.00%
14.09.2024,https://www.amazon.ca/dp/B004HSDA9Y?th=1,B004HSDA9Y,21,CA$48.04,$18.31,CA$4.10,13.00%
14.09.2024,https://www.amazon.ca/dp/B089GYF3XM?th=1,B089GYF3XM,21,CA$70.00,$26.00,CA$10.87,26.00%
14.09.2024,https://www.amazon.ca/dp/B003LZTZKW?th=1,B003LZTZKW,20,CA$61.00,$23.00,CA$9.21,25.00%
14.09.2024,https://www.amazon.ca/dp/B0194AHV6C?th=1,B0194AHV6C,21,CA$49.00,$18.26,CA$5.25,17.00%
14.09.2024,https://www.amazon.ca/dp/B0039UHM9U?th=1,B0039UHM9U,23,CA$64.00,$24.66,CA$10.08,25.00%
14.09.2024,https://www.amazon.ca/dp/B075F8BZGH?th=1,B075F8BZGH,11,CA$70.00,$27.00,CA$10.93,26.00%
15.09.2024,https://www.amazon.ca/dp/B0711T1VHS?th=1,B0711T1VHS,36,CA$37.90,$12.77,CA$4.66,20.00%
15.09.2024,https://www.amazon.ca/dp/B071GZ83PV?th=1,B071GZ83PV,42,CA$38.00,$12.44,CA$4.21,18.00%
15.09.2024,https://www.amazon.ca/dp/B07CWGMR5M?th=1,B07CWGMR5M,38,CA$49.99,$15.00,CA$12.06,46.00%
15.09.2024,https://www.amazon.ca/dp/B079ZCRVH6?th=1,B079ZCRVH6,22,CA$59.99,$25.11,CA$7.05,17.00%
15.09.2024,https://www.amazon.ca/dp/B07D3B5JTZ?th=1,B07D3B5JTZ,35,CA$85.00,$35.20,CA$10.79,20.00%
16.09.2024,https://www.amazon.ca/dp/B08F5LVT7B?th=1,B08F5LVT7B,18,CA$48.00,$16.66,CA$5.44,19.00%
16.09.2024,https://www.amazon.ca/dp/B009J9BF3O?th=1,B009J9BF3O,33,CA$53.04,$16.49,CA$8.46,30.00%
16.09.2024,https://www.amazon.ca/dp/B016H8O694,B016H8O694,27,CA$59.69,$23.17,CA$6.37,17.00%
16.09.2024,https://www.amazon.ca/dp/B01HQV5TG0,B01HQV5TG0,28,CA$64.64,$25.00,CA$7.02,17.00%
16.09.2024,https://www.amazon.ca/dp/B01LZAOGRT,B01LZAOGRT,16,CA$56.10,$21.70,CA$5.34,15.00%
16.09.2024,https://www.amazon.ca/dp/B0777RZZV3,B0777RZZV3,13,CA$51.40,$20.00,CA$4.70,14.00%
16.09.2024,https://www.amazon.ca/dp/B01ALHAMTK,B01ALHAMTK,43,CA$67.95,$28.00,CA$5.67,13.00%
16.09.2024,https://www.amazon.ca/dp/B002LMFE6U,B002LMFE6U,21,CA$65.03,$26.67,CA$6.48,15.00%
16.09.2024,https://www.amazon.ca/dp/B07PXTHVZM,B07PXTHVZM,24,CA$55.29,$20.00,CA$10.00,30.00%
16.09.2024,https://www.amazon.ca/dp/B089SCW6SS,B089SCW6SS,16,CA$51.69,$20.00,CA$4.95,15.00%
16.09.2024,https://www.amazon.ca/dp/B01A5IBDTI,B01A5IBDTI,13,CA$54.00,$18.88,CA$8.67,29.00%
16.09.2024,https://www.amazon.ca/dp/B00DRNIZ2C?th=1,B00DRNIZ2C,14,CA$82.44,$30.95,CA$14.84,31.00%
16.09.2024,https://www.amazon.ca/dp/B00EFX23LM?th=1,B00EFX23LM,26,CA$56.05,$22.95,CA$4.59,12.00%
16.09.2024,https://www.amazon.ca/dp/B00JEMG89C?th=1,B00JEMG89C,10,CA$148.52,$33.10,CA$33.10,38.00%
16.09.2024,https://www.amazon.ca/dp/B0C7LH4K38?th=1,B0C7LH4K38,17,CA$68.84,$30.00,CA$4.50,10.00%
16.09.2024,https://www.amazon.ca/dp/B09M7LF282?th=1,B09M7LF282,72,CA$68.00,$28.77,CA$6.88,15.00%
16.09.2024,https://www.amazon.ca/dp/B08VWH6Y58?th=1,B08VWH6Y58,23,CA$73.59,$30.00,CA$10.00,21.00%
16.09.2024,https://www.amazon.ca/dp/B09G333BNL?th=1,B09G333BNL,40,CA$62.00,$27.00,CA$6.04,15.00%
16.09.2024,https://www.amazon.ca/dp/B0CJZBPMTY?th=1,B0CJZBPMTY,23,CA$71.08,$28.95,CA$8.82,19.00%
16.09.2024,https://www.amazon.ca/dp/B000XI8Z5Q?th=1,B000XI8Z5Q,28,CA$71.44,$27.93,CA$8.81,20.00%
16.09.2024,https://www.amazon.ca/dp/B07VLJ86HY?th=1,B07VLJ86HY,14,CA$71.99,$28.00,CA$9.19,21.00%
16.09.2024,https://www.amazon.ca/dp/B00VVSAPJQ?th=1,B00VVSAPJQ,23,CA$74.67,$30.00,CA$6.65,14.00%
16.09.2024,https://www.amazon.ca/dp/B0BXRWC6FY?th=1,B0BXRWC6FY,20,CA$116.76,$47.62,CA$8.13,11.00%
16.09.2024,https://www.amazon.ca/dp/B079DVXSP8?th=1,B079DVXSP8,14,CA$76.80,$29.00,CA$14.29,31.00%
16.09.2024,https://www.amazon.ca/dp/B00RGLQ2EY?th=1,B00RGLQ2EY,14,CA$83.16,$35.00,CA$8.27,16.00%
16.09.2024,https://www.amazon.ca/dp/B07PXK9NF8?th=1,B07PXK9NF8,18,CA$90.19,$40.00,CA$9.12,15.00%
16.09.2024,https://www.amazon.ca/dp/B08C9J1X2R?th=1,B08C9J1X2R,18,CA$83.00,$36.00,CA$9.43,17.00%
16.09.2024,https://www.amazon.ca/dp/B00UB4QATU?th=1,B00UB4QATU,14,CA$83.30,$38.00,CA$6.54,11.00%
16.09.2024,https://www.amazon.ca/dp/B079DWG2ZV?th=1,B079DWG2ZV,21,CA$68.00,$29.00,CA$6.81,15.00%
16.09.2024,https://www.amazon.ca/dp/B0B3VQW3B7?th=1,B0B3VQW3B7,10,CA$89.00,$36.00,CA$11.87,21.00%
16.09.2024,https://www.amazon.ca/dp/B071ZPK8P5?th=1,B071ZPK8P5,11,CA$106.04,$50.00,CA$10.58,14.00%
16.09.2024,https://www.amazon.ca/dp/B096KG7BKF?th=1,B096KG7BKF,14,CA$89.05,$40.00,CA$8.58,14.00%
16.09.2024,https://www.amazon.ca/dp/B0BLHP4LWD?th=1,B0BLHP4LWD,26,CA$87.70,$38.00,CA$12.25,21.00%
16.09.2024,https://www.amazon.ca/dp/B0CNSZ5VHX?th=1,B0CNSZ5VHX,16,CA$81.05,$33.00,CA$7.21,15.00%
16.09.2024,https://www.amazon.ca/dp/B08YJ6GVNF?th=1,B08YJ6GVNF,11,CA$73.00,$32.00,CA$9.17,18.00%
16.09.2024,https://www.amazon.ca/dp/B001T58TKS?th=1,B001T58TKS,66,CA$77.42,$35.00,CA$5.55,10.00%
16.09.2024,https://www.amazon.ca/dp/B0074O7LHK?th=1,B0074O7LHK,10,CA$119.69,$54.09,CA$16.82,21.00%
17.09.2024,https://www.amazon.ca/dp/B0CQTJMZ6F?th=1,B0CQTJMZ6F,7,CA$46.80,$14.00,CA$8.60,35.00%
17.09.2024,https://www.amazon.ca/dp/B002JQ8LQS?th=1,B002JQ8LQS,32,CA$90.00,$41.00,CA$10.03,16.00%
17.09.2024,https://www.amazon.ca/dp/B00ZY8RH9U?th=1,B00ZY8RH9U,11,CA$97.97,$48.95,CA$9.28,13.00%
17.09.2024,https://www.amazon.ca/dp/B01FJH20N8?th=1,B01FJH20N8,13,CA$112.50,$45.49,CA$23.00,34.00%
17.09.2024,https://www.amazon.ca/dp/B0000TN7MY?th=1,B0000TN7MY,10,CA$109.00,$47.59,CA$14.32,20.00%
17.09.2024,https://www.amazon.ca/dp/B07TZJMNG5?th=1,B07TZJMNG5,12,CA$93.00,$41.66,CA$12.00,19.00%
17.09.2024,https://www.amazon.ca/dp/B07SDFZW1N?th=1,B07SDFZW1N,15,CA$89.07,$40.00,CA$13.12,24.00%
17.09.2024,https://www.amazon.ca/dp/B09PKMHKMQ?th=1,B09PKMHKMQ,11,CA$71.00,$31.13,CA$5.90,12.00%
17.09.2024,https://www.amazon.ca/dp/B07KV6XNHN?th=1,B07KV6XNHN,20,CA$72.29,$32.00,CA$5.82,12.00%
17.09.2024,https://www.amazon.ca/dp/B07T7ZYJ21?th=1,B07T7ZYJ21,27,CA$56.60,$25.00,CA$5.70,14.00%
18.09.2024, https://www.amazon.ca/dp/B0CP2RFNNZ?th=1,B0CP2RFNNZ,91,CA$36.25,$9.33,CA$6.58,36.00%
18.09.2024,https://www.amazon.ca/dp/B0814LQDVG?th=1,B0814LQDVG,48,CA$75.00,$24.00,CA$11.00,29.00%
18.09.2024,https://www.amazon.ca/dp/B0041549VQ?th=1,B0041549VQ,84,CA$42.40,$13.90,CA$4.01,16.00%
18.09.2024,https://www.amazon.ca/dp/B0977DG81Z?th=1,B0977DG81Z,90,CA$64.00,$22.00,CA$11.00,31.00%
18.09.2024,https://www.amazon.ca/dp/B00E19WJ1E?th=1,B00E19WJ1E,67,CA$54.15,$20.00,CA$4.77,14.00%
18.09.2024,https://www.amazon.ca/dp/B0CTQDTF1V?th=1,B0CTQDTF1V,21,CA$60.00,$23.00,CA$6.92,19.00%
18.09.2024,https://www.amazon.ca/dp/B00YO0FNV8?th=1,B00YO0FNV8,73,CA$48.56,$17.88,CA$4.16,14.00%
18.09.2024,https://www.amazon.ca/dp/B01MQFF0F0?th=1,B01MQFF0F0,83,CA$70.00,$25.00,CA$15.64,40.00%
18.09.2024,https://www.amazon.ca/dp/B07HHDP87X?th=1,B07HHDP87X,93,CA$49.49,$17.50,CA$5.86,20.00%
18.09.2024,https://www.amazon.ca/dp/B07V1Y3Y8R?th=1,B07V1Y3Y8R,60,CA$66.00,$27.49,CA$7.00,16.00%
18.09.2024,https://www.amazon.ca/dp/B0BB7J8DFQ?th=1,B0BB7J8DFQ,515,CA$44.94,$17.88,CA$2.97,10.00%
18.09.2024,https://www.amazon.ca/dp/B0BPDKS8SH?th=1,B0BPDKS8SH,75,CA$140.00,$65.38,CA$16.25,17.00%
18.09.2024,https://www.amazon.ca/dp/B0CGTM67G5?th=1,B0CGTM67G5,21,CA$54.00,$19.90,CA$5.71,17.00%
18.09.2024,https://www.amazon.ca/dp/B07RY1WM9W?th=1,B07RY1WM9W,21,CA$43.00,$15.00,CA$4.81,18.00%
19.09.2024,https://www.amazon.ca/dp/B09HL8VGYG?th=1,B09HL8VGYG,31,CA$31.90,$8.00,CA$4.91,30.00%
19.09.2024,https://www.amazon.ca/dp/B09SVJ5LFZ?th=1,B09SVJ5LFZ,7,CA$38.00,$9.48,CA$5.14,28.00%
19.09.2024,https://www.amazon.ca/dp/B001A6DGPE?th=1,B001A6DGPE,13,CA$35.00,$9.48,CA$5.30,30.00%
19.09.2024,https://www.amazon.ca/dp/B004LNHD20?th=1,B004LNHD20,8,CA$47.40,$12.32,CA$9.94,45.00%
19.09.2024,https://www.amazon.ca/dp/B00XTAM6PA?th=1,B00XTAM6PA,27,CA$35.00,$9.44,CA$6.22,34.00%
19.09.2024,https://www.amazon.ca/dp/B078H9R2JT?th=1,B078H9R2JT,15,CA$38.62,$10.00,CA$6.10,32.00%
19.09.2024,https://www.amazon.ca/dp/B01CLE3DUG?th=1,B01CLE3DUG,25,CA$34.82,$9.58,CA$5.03,27.00%
19.09.2024,https://www.amazon.ca/dp/B000VPEA4Q,B000VPEA4Q,80,CA$29.47,$6.78,CA$3.12,21.00%
19.09.2024,https://www.amazon.ca/dp/B004GKS9J4?th=1,B004GKS9J4,17,CA$58.99,$20.57,CA$10.73,32.00%
19.09.2024,https://www.amazon.ca/dp/B0BPJWCZR4?th=1,B0BPJWCZR4,14,CA$61.50,$24.99,CA$5.58,14.00%
19.09.2024,https://www.amazon.ca/dp/B01AAU4276?th=1,B01AAU4276,11,CA$64.32,$27.12,CA$7.94,18.00%
19.09.2024,https://www.amazon.ca/dp/B0B7YSWTNQ?th=1,B0B7YSWTNQ,9,CA$90.33,$38.46,CA$12.03,21.00%
19.09.2024,https://www.amazon.ca/dp/B07CG3YRTR?th=1,B07CG3YRTR,44,CA$76.00,$34.99,CA$7.29,14.00%
19.09.2024,https://www.amazon.ca/dp/B015HZVZN8?th=1,B015HZVZN8,14,CA$103.00,$50.00,CA$7.06,9.64%
19.09.2024,https://www.amazon.ca/dp/B0CLQH9D6D?th=1,B0CLQH9D6D,29,CA$38.24,$10.00,CA$8.43,44.00%
19.09.2024,https://www.amazon.ca/dp/B07WDM3RB1,B07WDM3RB1,13,CA$54.00,$18.99,CA$6.16,19.00%
19.09.2024,https://www.amazon.ca/dp/B0BHZV7KQB,B0BHZV7KQB,20,CA$39.51,$12.00,CA$5.51,25.00%
19.09.2024,https://www.amazon.ca/dp/B09R3XVYDH,B09R3XVYDH,10,CA$45.00,$13.90,CA$7.57,32.00%
19.09.2024,https://www.amazon.ca/dp/B0BCK7C8PZ,B0BCK7C8PZ,11,CA$54.60,$17.00,CA$9.39,33.00%
19.09.2024,https://www.amazon.ca/dp/B08LZF2LR9,B08LZF2LR9,16,CA$44.01,$14.38,CA$5.21,21.00%
19.09.2024,https://www.amazon.ca/dp/B0CLZ3758F,B0CLZ3758F,6,CA$62.67,$20.00,CA$12.18,38.00%
19.09.2024,https://www.amazon.ca/dp/B01IWTQBG2?th=1,B01IWTQBG2,6,CA$58.13,$20.00,CA$9.41,29.00%
19.09.2024,https://www.amazon.ca/dp/B014X67UEA?th=1,B014X67UEA,8,CA$80.15,$27.94,CA$18.62,58.00%
19.09.2024,https://www.amazon.ca/dp/B08XYQGXBL?th=1,B08XYQGXBL,50,CA$47.00,$16.00,CA$6.05,22.00%
19.09.2024,https://www.amazon.ca/dp/B097TTJBYM?th=1,B097TTJBYM,8,CA$60.00,$19.80,CA$10.42,32.00%
19.09.2024,https://www.amazon.ca/dp/B001G7PNGC?th=1,B001G7PNGC,7,CA$66.59,$23.13,CA$11.26,30.00%
19.09.2024,https://www.amazon.ca/dp/B0BYFDJJNW?th=1,B0BYFDJJNW,14,CA$49.00,$15.00,CA$9.47,36.00%
19.09.2024,https://www.amazon.ca/dp/B0036TH5VO?th=1,B0036TH5VO,9,CA$54.99,$21.46,CA$6.31,18.00%
19.09.2024,https://www.amazon.ca/dp/B0BH8DJBQ3?th=1,B0BH8DJBQ3,14,CA$49.50,$18.00,CA$5.81,19.00%
19.09.2024,https://www.amazon.ca/dp/B002TDTYEY?th=1,B002TDTYEY,13,CA$45.24,$16.00,CA$4.92,17.00%
19.09.2024,https://www.amazon.ca/dp/B086MDQKTH?th=1,B086MDQKTH,8,CA$53.12,$20.00,CA$6.41,21.00%
20.09.2024,https://www.amazon.ca/dp/B0005YY926?th=1,B0005YY926,9,CA$33.97,$3.00,CA$13.44,141.00%
20.09.2024,https://www.amazon.ca/dp/B07W6HT123?th=1,B07W6HT123,11,CA$35.85,$9.95,CA$8.42,48.00%
20.09.2024,https://www.amazon.ca/dp/B001BAGECG?th=1,B001BAGECG,10,CA$30.00,$7.00,CA$6.10,41.00%
20.09.2024,https://www.amazon.ca/dp/B01JLPJM7G?th=1,B01JLPJM7G,28,CA$34.00,$7.60,CA$5.19,33.00%
20.09.2024,https://www.amazon.ca/dp/B0BQ4WXTY6?th=1,B0BQ4WXTY6,13,CA$76.28,$16.50,CA$24.84,89.00%
20.09.2024,https://www.amazon.ca/dp/B07C7TSBD7?th=1,B07C7TSBD7,18,CA$35.00,$7.00,CA$7.58,50.00%
20.09.2024,https://www.amazon.ca/dp/B07T7N759N?th=1,B07T7N759N,7,CA$34.46,$8.00,CA$5.71,35.00%
20.09.2024,https://www.amazon.ca/dp/B0CXVCMCJK?th=1,B0CXVCMCJK,44,CA$40.42,$10.29,CA$10.49,54.00%
20.09.2024,https://www.amazon.ca/dp/B08CM3B52M?th=1,B08CM3B52M,14,CA$43.00,$10.79,CA$5.68,28.00%
20.09.2024,https://www.amazon.ca/dp/B0BG66PYJD?th=1,B0BG66PYJD,9,CA$33.29,$8.43,CA$6.85,40.00%
20.09.2024,https://www.amazon.ca/dp/B0128QFRD8?th=1,B0128QFRD8,12,CA$36.99,$10.00,CA$6.06,32.00%
20.09.2024,https://www.amazon.ca/dp/B00VG0TCAM?th=1,B00VG0TCAM,17,CA$39.89,$10.00,$9.88,52.00%
20.09.2024,https://www.amazon.ca/dp/B001VNGN9C?th=1,B001VNGN9C,44,CA$49.98,$15.92,CA$4.92,18.00%
20.09.2024,https://www.amazon.ca/dp/B00XTAM6PA?th=1,B00XTAM6PA,29,CA$36.00,$9.44,CA$6.22,34.00%
20.09.2024,https://www.amazon.ca/dp/B08F5LVT7B?th=1,B08F5LVT7B,19,CA$48.00,$13.30,CA$9.93,43.00%
20.09.2024,https://www.amazon.ca/dp/B07LH9YY8F?th=1,B07LH9YY8F,13,CA$43.79,$12.00,CA$5.00,23.00%
20.09.2024,https://www.amazon.ca/dp/B087PVPCJH?th=1,B087PVPCJH,23,CA$35.80,$9.79,CA$4.47,24.00%
20.09.2024,https://www.amazon.ca/dp/B007XVYSDE?th=1,B007XVYSDE,17,CA$45.30,$12.39,CA$4.94,22.00%
20.09.2024,https://www.amazon.ca/dp/B07H45S491?th=1,B07H45S491,39,CA$45.00,$12.59,CA$8.96,42.00%
20.09.2024,https://www.amazon.ca/dp/B00KSQHX1K?th=1,B00KSQHX1K,14,CA$94.85,$30.00,CA$28.42,61.00%
20.09.2024,https://www.amazon.ca/dp/B09GW7HFY2?th=1,B09GW7HFY2,14,CA$39.00,$11.17,CA$5.14,25.00%
20.09.2024,https://www.amazon.ca/dp/B000TUOXCC?th=1,B000TUOXCC,34,CA$33.50,$8.55,CA$5.31,31.00%
20.09.2024,https://www.amazon.ca/dp/B0BB98CYZ3?th=1,B0BB98CYZ3,12,CA$46.36,$13.00,CA$10.20,44.00%
20.09.2024,https://www.amazon.ca/dp/B0CC9FX9KY?th=1,B0CC9FX9KY,15,CA$41.00,$11.90,CA$7.32,34.00%
20.09.2024,https://www.amazon.ca/dp/B0018D15BG?th=1,B0018D15BG,45,CA$39.00,$10.00,CA$5.28,28.00%
20.09.2024,https://www.amazon.ca/dp/B084G2P1R1?th=1,B084G2P1R1,19,CA$51.50,$16.00,CA$10.69,34.00%
20.09.2024,https://www.amazon.ca/dp/B07769F5DF?th=1,B07769F5DF,17,CA$33.92,$10.00,CA$4.47,23.00%
20.09.2024,https://www.amazon.ca/dp/B09WNHPB79?th=1,B09WNHPB79,55,CA$105.42,$31.45,CA$34.00,70.00%
20.09.2024,https://www.amazon.ca/dp/B0CR3GJ8QZ?th=1,B0CR3GJ8QZ,23,CA$39.80,$10.52,CA$8.19,41.00%
20.09.2024,https://www.amazon.ca/dp/B085DQ2D5K?th=1,B085DQ2D5K,18,CA$46.20,$14.49,CA$6.92,27.00%
20.09.2024,https://www.amazon.ca/dp/B0BHZV7KQB?th=1,B0BHZV7KQB,23,CA$39.48,$12.00,CA$5.46,25.00%
20.09.2024,https://www.amazon.ca/dp/B07GY2412Q?th=1,B07GY2412Q,20,CA$56.98,$17.49,CA$10.39,35.00%
20.09.2024,https://www.amazon.ca/dp/B0BG95H66V?th=1,B0BG95H66V,14,CA$42.54,$13.05,CA$7.08,30.00%
21.09.2024,https://www.amazon.ca/dp/B01K5C6F1U?th=1,B01K5C6F1U,25,CA$46.45,$16.95,CA$4.29,15.00%
21.09.2024,https://www.amazon.ca/dp/B01H5CQFPO?th=1,B01H5CQFPO,28,CA$90.00,$17.95,CA$17.68,40.00%
21.09.2024,https://www.amazon.ca/dp/B086BKMY4N?th=1,B086BKMY4N,9,CA$45.00,$14.49,CA$7.00,28.00%
21.09.2024,https://www.amazon.ca/dp/B0CB7KQ7Q3?th=1,B0CB7KQ7Q3,13,CA$40.95,$13.00,CA$5.00,21.00%
21.09.2024,https://www.amazon.ca/dp/B0BZRGDF7N?th=1,B0BZRGDF7N,14,CA$38.75,$12.33,CA$4.40,20.00%
21.09.2024,https://www.amazon.ca/dp/B00004U1J2?th=1,B00004U1J2,17,CA$39.00,$11.22,CA$6.68,32.00%
21.09.2024,https://www.amazon.ca/dp/B00AKYOZ48?th=1,B00AKYOZ48,12,CA$72.00,$18.75,CA$24.00,78.00%
21.09.2024,https://www.amazon.ca/dp/B08LZF2LR9?th=1,B08LZF2LR9,19,CA$44.01,$14.38,CA$5.21,21.00%
21.09.2024,https://www.amazon.ca/dp/B09YVM4W2C?th=1,B09YVM4W2C,33,CA$60.94,$20.00,CA$11.25,34.00%
21.09.2024,https://www.amazon.ca/dp/B07W68M1ZD?th=1,B07W68M1ZD,10,CA$45.00,$14.00,CA$9.15,37.00%
21.09.2024,https://www.amazon.ca/dp/B0CKB8PV1S?th=1,B0CKB8PV1S,5,CA$55.00,$17.00,CA$7.72,27.00%
21.09.2024,https://www.amazon.ca/dp/B0CZ25H5LD?th=1,B0CZ25H5LD,34,CA$74.93,$25.00,CA$16.89,43.00%
22.09.2024,https://www.amazon.ca/dp/B01E6H4UQC?th=1,B01E6H4UQC,11,CA$41.91,$13.94,CA$5.62,22.00%
22.09.2024,https://www.amazon.ca/dp/B07CWGMR5M?th=1,B07CWGMR5M,46,CA$50.00,$15.00,CA$12.12,47.00%
22.09.2024,https://www.amazon.ca/dp/B00658N04Y?th=1,B00658N04Y,24,CA$45.00,$15.00,CA$5.88,23.00%
22.09.2024,https://www.amazon.ca/dp/B00XRRKCRO?th=1,B00XRRKCRO,15,CA$49.83,$15.00,CA$9.89,38.00%
22.09.2024,https://www.amazon.ca/dp/B07SZ1H698?th=1,B07SZ1H698,12,CA$44.70,$16.00,CA$4.16,16.00%
22.09.2024,https://www.amazon.ca/dp/B082PJ8ZFB?th=1,B082PJ8ZFB,10,CA$44.33,$15.00,CA$6.47,25.00%
22.09.2024,https://www.amazon.ca/dp/B0CQMXZKKB?th=1,B0CQMXZKKB,17,CA$59.20,$20.00,CA$11.00,33.00%
22.09.2024,https://www.amazon.ca/dp/B07KRGQTHH?th=1,B07KRGQTHH,12,CA$49.70,$16.94,CA$7.68,27.00%
22.09.2024,https://www.amazon.ca/dp/B0BLRLKZGR?th=1,B0BLRLKZGR,19,CA$58.00,$20.00,CA$10.34,31.00%
22.09.2024,https://www.amazon.ca/dp/B078JG368N?th=1,B078JG368N,10,CA$50.00,$17.00,CA$7.84,27.00%
22.09.2024,https://www.amazon.ca/dp/B0C8SPVHQY?th=1,B0C8SPVHQY,15,CA$55.00,$18.80,CA$9.42,30.00%
22.09.2024,https://www.amazon.ca/dp/B00ET9VD2W?th=1,B00ET9VD2W,24,CA$62.90,$22.00,CA$12.32,35.00%
22.09.2024,https://www.amazon.ca/dp/B09Z35M2XN?th=1,B09Z35M2XN,17,CA$47.00,$14.97,CA$8.05,31.00%
22.09.2024,https://www.amazon.ca/dp/B01A5IBDTI?th=1,B01A5IBDTI,10,CA$54.01,$18.88,CA$8.79,30.00%
22.09.2024,https://www.amazon.ca/dp/B07MGKFQ45?th=1,B07MGKFQ45,26,CA$52.58,$18.50,CA$5.63,18.00%
22.09.2024,https://www.amazon.ca/dp/B00YO0FNV8?th=1,B00YO0FNV8,74,CA$48.00,$17.54,CA$4.14,15.00%
22.09.2024,https://www.amazon.ca/dp/B08T65W5WL?th=1,B08T65W5WL,63,CA$46.66,$16.99,CA$3.90,13.00%
22.09.2024,https://www.amazon.ca/dp/B083SQQ6ZL?th=1,B083SQQ6ZL,15,CA$42.15,$14.95,CA$4.17,16.00%
22.09.2024,https://www.amazon.ca/dp/B08BXG1NHN?th=1,B08BXG1NHN,9,CA$54.99,$19.95,CA$6.43,19.00%
22.09.2024,https://www.amazon.ca/dp/B00L8TBTXE?th=1,B00L8TBTXE,10,CA$58.90,$21.00,CA$9.16,27.00%
22.09.2024,https://www.amazon.ca/dp/B09795272Q?th=1,B09795272Q,24,CA$43.11,$20.00,CA$4.46,16.00%
22.09.2024,https://www.amazon.ca/dp/B076KSP2RL?th=1,B076KSP2RL,7,CA$60.00,$20.00,CA$12.28,37.00%
22.09.2024,https://www.amazon.ca/dp/B0888V1QM5?th=1,B0888V1QM5,13,CA$57.19,$18.95,CA$12.43,41.00%
22.09.2024,https://www.amazon.ca/dp/B0D25D7BG8?th=1,B0D25D7BG8,15,CA$55.00,$20.00,CA$10.80,34.00%
22.09.2024,https://www.amazon.ca/dp/B08HW7HHYQ?th=1,B08HW7HHYQ,10,CA$46.60,$16.80,CA$6.63,33.00%
23.09.2024,https://www.amazon.ca/dp/B00YBFTMMM?th=1,B00YBFTMMM,28,CA$65.58,$23.45,CA$7.80,21.00%
23.09.2024,https://www.amazon.ca/dp/B0006A4BSG?th=1,B0006A4BSG,24,CA$49.40,$19.19,CA$4.37,14.00%
23.09.2024,https://www.amazon.ca/dp/B08FT5MQ7D?th=1,B08FT5MQ7D,13,CA$58.09,$34.75,CA$4.93,13.00%
23.09.2024,https://www.amazon.ca/dp/B0BKHDMHXK?th=1,B0BKHDMHXK,6,CA$57.64,$20.00,CA$9.11,28.00%
23.09.2024,https://www.amazon.ca/dp/B0058EDBBS?th=1,B0058EDBBS,14,CA$49.96,$18.46,CA$5.84,16.00%
23.09.2024,https://www.amazon.ca/dp/B0CYZBDLYL?th=1,B0CYZBDLYL,12,CA$51.91,$18.90,CA$6.65,21.00%
23.09.2024,https://www.amazon.ca/dp/B0CZHCKNC2?th=1,B0CZHCKNC2,17,CA$50.00,$18.97,CA$4.06,13.00%
23.09.2024,https://www.amazon.ca/dp/B0C6LXZSZW?th=1,B0C6LXZSZW,17,CA$41.42,$19.00,CA$6.18,24.00%
23.09.2024,https://www.amazon.ca/dp/B0CGTM67G5?th=1,B0CGTM67G5,26,CA$52.89,$19.90,CA$4.69,14.00%
23.09.2024,https://www.amazon.ca/dp/B0000YH6F8?th=1,B0000YH6F8,19,CA$67.00,$24.94,CA$13.72,35.00%
23.09.2024,https://www.amazon.ca/dp/B0194AHV6C?th=1,B0194AHV6C,23,CA$49.00,$18.26,CA$5.29,17.00%
23.09.2024,https://www.amazon.ca/dp/B07WJZZH9M?th=1,B07WJZZH9M,14,CA$65.80,$26.00,CA$8.06,20.00%
23.09.2024,https://www.amazon.ca/dp/B0BKGKX38C?th=1,B0BKGKX38C,38,CA$60.00,$25.00,CA$6.00,15.00%
26.09.2024,https://www.amazon.ca/dp/B07794R6VM,B07794R6VM,11,C$50.90,$7.66,CA$20.12,78.08%
26.09.2024,https://www.amazon.ca/dp/B0BYJNJR7P,B0BYJNJR7P,15,C$29.94,$4.99,CA$4.93,40.71%
26.09.2024,https://www.amazon.ca/dp/B085483VLS,B085483VLS,1964,C$35.96,$6.99,CA$7.61,51.38%
26.09.2024,https://www.amazon.ca/dp/B0CP2RFNNZ,B0CP2RFNNZ,98,C$33.72,$9.33,CA$4.57,25.44%
26.09.2024,https://www.amazon.ca/dp/B002YI7DXI,B002YI7DXI,6,C$29.95,$5.91,CA$5.32,39.82%
27.09.2024,https://www.amazon.ca/dp/B07SHHS33Z,B07SHHS33Z,20,C$62.99,$11.99,CA$27.01,125.33%
27.09.2024,https://www.amazon.ca/dp/B000QFMZS4,B000QFMZS4,21,C$41.25,$8.79,CA$9.51,55.19%
27.09.2024,https://www.amazon.ca/dp/B01HGVV932,B01HGVV932,11,C$29.99,$6.40,CA$5.00,35.68%
27.09.2024,https://www.amazon.ca/dp/B0027A5H1I,B0027A5H1I,11,C$31.56,$8.44,CA$5.10,30.41%
27.09.2024,https://www.amazon.ca/dp/B00CTA100S,B00CTA100S,12,C$29.99,$6.09,CA$6.64,48.82%
27.09.2024,https://www.amazon.ca/dp/B09RG87Z2B,B09RG87Z2B,26,C$35.70,$6.77,CA$8.40,57.85%
27.09.2024,https://www.amazon.ca/dp/B004FW0FE0,B004FW0FE0,15,C$35.99,$6.99,CA$6.58,45.31%
27.09.2024,https://www.amazon.ca/dp/B00028PU14,B00028PU14,12,C$31.99,$5.03,CA$8.86,72.74%
27.09.2024,https://www.amazon.ca/dp/B09FXWM2TR,B09FXWM2TR,13,C$33.10,$6.98,CA$7.38,49.83%
27.09.2024,https://www.amazon.ca/dp/B0CGRR1Z4J,B0CGRR1Z4J,12,C$30.37,$6.39,CA$7.32,52.21%
28.09.2024,https://www.amazon.ca/dp/B000Z8FGE2,B000Z8FGE2,36,C$32.62,$6.98,CA$5.52,37.17%
28.09.2024,https://www.amazon.ca/dp/B082NDV5SR,B082NDV5SR,15,C$34.23,$7.99,CA$6.88,42.44%
28.09.2024,https://www.amazon.ca/dp/B00J51PZBO,B00J51PZBO,10,C$33.73,$7.99,CA$6.54,40.34%
28.09.2024,https://www.amazon.ca/dp/B07TB482PZ,B07TB482PZ,25,C$29.05,$6.99,CA$3.89,26.17%
28.09.2024,https://www.amazon.ca/dp/B0D14GHSCZ,B0D14GHSCZ,16,C$31.84,$7.99,CA$4.72,29.11%
28.09.2024,https://www.amazon.ca/dp/B08PNNKNSQ,B08PNNKNSQ,57,C$39.21,$9.99,CA$8.10,42.81%
28.09.2024,https://www.amazon.ca/dp/B073T14XF4,B073T14XF4,7,C$46.76,$11.99,CA$8.48,39.22%
28.09.2024,https://www.amazon.ca/dp/B0CX96RS6F,B0CX96RS6F,17,C$35.08,$8.99,CA$5.86,33.35%
28.09.2024,https://www.amazon.ca/dp/B07C7TSBD7,B07C7TSBD7,15,C$30.54,$7.00,CA$3.91,26.27%
28.09.2024,https://www.amazon.ca/dp/B0CYWWXNJB,B0CYWWXNJB,9,C$29.76,$6.98,CA$5.99,40.33%
29.09.2024,https://www.amazon.ca/dp/B004U4JCDS,B004U4JCDS,17,C$37.25,$8.74,CA$8.07,46.83%
29.09.2024,https://www.amazon.ca/dp/B0CC8YTZBJ,B0CC8YTZBJ,8,C$30.00,$6.99,CA$5.90,39.70%
29.09.2024,https://www.amazon.ca/dp/B09HL8VGYG,B09HL8VGYG,40,C$30.31,$7.99,CA$3.63,22.39%
29.09.2024,https://www.amazon.ca/dp/B0071F1LUK,B0071F1LUK,25,C$32.08,$7.38,CA$5.96,38.72%
29.09.2024,https://www.amazon.ca/dp/B08SQCJ2WM,B08SQCJ2WM,8,C$35.81,$9.99,CA$7.58,40.06%
29.09.2024,https://www.amazon.ca/dp/B0BTLK3GL2,B0BTLK3GL2,277,C$33.28,$7.99,CA$5.37,33.12%
29.09.2024,https://www.amazon.ca/dp/B0845ST4SF,B0845ST4SF,13,C$39.53,$9.99,CA$10.22,54.01%
29.09.2024,https://www.amazon.ca/dp/B07W6HT123,B07W6HT123,19,C$39.30,$11.95,CA$8.70,43.02%
29.09.2024,https://www.amazon.ca/dp/B08CCXGJBM,B08CCXGJBM,36,C$42.84,$12.99,CA$7.91,34.42%
29.09.2024,https://www.amazon.ca/dp/B01847PJTM,B01847PJTM,8,C$45.75,$11.00,CA$8.08,35.16%
30.09.2024,https://www.amazon.ca/dp/B07ZQS5G2N,B07ZQS5G2N,9,C$53.99,$12.99,CA$20.07,87.33%
30.09.2024,https://www.amazon.ca/dp/B089NZC8H9,B089NZC8H9,41,C$34.05,$8.49,CA$5.91,34.99%
30.09.2024,https://www.amazon.ca/dp/B08D9T61HZ,B08D9T61HZ,15,C$31.90,$7.99,CA$4.12,25.41%
30.09.2024,https://www.amazon.ca/dp/B017KWL4IM,B017KWL4IM,7,C$36.90,$8.95,CA$8.18,46.74%
30.09.2024,https://www.amazon.ca/dp/B01G2LD43U,B01G2LD43U,12,C$31.37,$8.50,CA$5.30,31.37%
1.10.2024,https://www.amazon.ca/dp/B0BSVQZS8J,B0BSVQZS8J,7,C$33.61,$8.27,CA$5.09,30.66%
1.10.2024,https://www.amazon.ca/dp/B006A5HHF0,B006A5HHF0,18,C$36.86,$9.10,CA$6.06,34.19%
1.10.2024,https://www.amazon.ca/dp/B09S5QYPH9,B09S5QYPH9,13,C$39.15,$8.99,CA$11.00,62.60%
1.10.2024,https://www.amazon.ca/dp/B00KACXXUM,B00KACXXUM,10,C$36.93,$8.88,CA$7.85,45.06%
1.10.2024,https://www.amazon.ca/dp/B011L3T25I,B011L3T25I,16,C$37.37,$8.77,CA$7.27,42.03%
1.10.2024,https://www.amazon.ca/dp/B004OKDW20,B004OKDW20,18,C$35.03,$8.57,CA$6.55,38.52%
1.10.2024,https://www.amazon.ca/dp/B003C2RQLE,B003C2RQLE,24,C$33.67,$7.99,CA$6.04,37.26%
1.10.2024,https://www.amazon.ca/dp/B077DCVKQN,B077DCVKQN,12,C$41.99,$10.29,CA$14.87,76.92%
1.10.2024,https://www.amazon.ca/dp/B09LZ72JVN,B09LZ72JVN,10,C$30.22,$7.70,CA$4.24,26.81%
1.10.2024,https://www.amazon.ca/dp/B0747VLR97,B0747VLR97,9,C$33.01,$8.72,CA$4.84,28.15%
02.10.2024,https://www.amazon.ca/dp/B0CCWY9M84,B0CCWY9M84,17,C$36.99,$9.83,CA$5.06,27.10%
02.10.2024,https://www.amazon.ca/dp/B0B2V9R4JC,B0B2V9R4JC,10,C$36.97,$7.99,CA$10.51,64.95%
02.10.2024,https://www.amazon.ca/dp/B08NL7XRB1,B08NL7XRB1,41,C$30.00,$7.99,CA$3.40,21.02%
02.10.2024,https://www.amazon.ca/dp/B0CLQH9D6D?th=1,B0CLQH9D6D,294,C$37.46,$9.99,CA$7.95,42.13%
02.10.2024,https://www.amazon.ca/dp/B0BS5V32VW,B0BS5V32VW,6,C$31.99,$8.99,CA$4.65,26.54%
02.10.2024,https://www.amazon.ca/dp/B0BG66PYJD,B0BG66PYJD,6,C$30.15,$8.43,CA$4.45,26.53%
02.10.2024,https://www.amazon.ca/dp/B07QWNQSN3,B07QWNQSN3,25,C$32.87,$7.90,CA$3.83,23.87%
02.10.2024,https://www.amazon.ca/dp/B08PB671QY,B08PB671QY,8,C$39.50,$9.98,CA$8.56,45.41%
02.10.2024,https://www.amazon.ca/dp/B000TUOXCC,B000TUOXCC,43,C$29.99,$6.79,CA$4.80,32.94%
02.10.2024,https://www.amazon.ca/dp/B07QN594SH,B07QN594SH,16,C$35.17,$9.99,CA$3.84,20.36%
03.10.2024,https://www.amazon.ca/dp/B0BGBNJCK6,B0BGBNJCK6,127,C$51.91,$15.98,CA$9.19,34.10%
03.10.2024,https://www.amazon.ca/dp/B00ESJQHF6,B00ESJQHF6,17,C$27.96,$7.99,CA$3.13,19.35%
03.10.2024,https://www.amazon.ca/dp/B004NEDFTM,B004NEDFTM,24,C$42.48,$9.48,CA$10.06,55.33%
03.10.2024,https://www.amazon.ca/dp/B002VUME42,B002VUME42,17,C$36.61,$8.99,CA$7.62,43.36%
03.10.2024,https://www.amazon.ca/dp/B08LVR3S7N,B08LVR3S7N,11,C$32.04,$6.99,CA$3.60,24.20%
03.10.2024,https://www.amazon.ca/dp/B0128QFRD8,B0128QFRD8,12,C$37.50,$9.95,$6.59,34.88%
03.10.2024,https://www.amazon.ca/dp/B08GCFRSNY,B08GCFRSNY,11,C$35.73,8.98,CA$6.40,36.42%
03.10.2024,https://www.amazon.ca/dp/B07XZWFL4C,B07XZWFL4C,8,C$33.00,$9.22,CA$4.12,23.02%
04.10.2024,https://www.amazon.ca/dp/B07X9XJSXW,B07X9XJSXW,13,C$34.44,$8.99,CA$4.98,28.31%
04.10.2024,https://www.amazon.ca/dp/B001R96YTE,B001R96YTE,20,C$34.50,$8.92,CA$5.70,32.59%
04.10.2024,https://www.amazon.ca/dp/B08FYF752P,B08FYF752P,7,C$41.68,$13.70,CA$5.11,21.34%
04.10.2024,https://www.amazon.ca/dp/B09N8NMQTN,B09N8NMQTN,41,C$35.14,$8.99,CA$6.15,34.96%
04.10.2024,https://www.amazon.ca/dp/B079Y9JGNL,B079Y9JGNL,7,C$44.46,$11.99,CA$8.92,41.18%
04.10.2024,https://www.amazon.ca/dp/B00C9FQVP2,B00C9FQVP2,13,C$36.99,$9.95,CA$6.60,34.90%
04.10.2024,https://www.amazon.ca/dp/B00XTAM6PA,B00XTAM6PA,26,C$32.99,$9.44,CA$3.69,20.22%
04.10.2024,https://www.amazon.ca/dp/B00DP6P6R8,B00DP6P6R8,37,C$31.00,$7.99,CA$4.79,29.47%
05.10.2024,https://www.amazon.ca/dp/B0BGKCMYN8,B0BGKCMYN8,17,C$35.82,$9.99,CA$4.78,25.19%
05.10.2024,https://www.amazon.ca/dp/B08MZL3QZD,B08MZL3QZD,196,C$27.93,$7.99,CA$2.46,15.13%
05.10.2024,https://www.amazon.ca/dp/B00H5B14ES,B00H5B14ES,23,C$35.89,$9.99,CA$4.77,25.15%
05.10.2024,https://www.amazon.ca/dp/B079GZMCJS,B079GZMCJS,14,C$31.27,$9.49,CA$3.57,19.52%
05.10.2024,https://www.amazon.ca/dp/B088FK32QF,B088FK32QF,10,C$36.00,$9.96,CA$5.54,29.28%
05.10.2024,https://www.amazon.ca/dp/B0D2GZ1NVQ,B0D2GZ1NVQ,13,C$33.00,$8.99,CA$5.97,33.90%
05.10.2024,https://www.amazon.ca/dp/B07SBJM1LD,B07SBJM1LD,11,C$30.51,$7.99,CA$4.46,27.44%
05.10.2024,https://www.amazon.ca/dp/B07T28BM94,B07T28BM94,18,C$41.20,$9.99,CA$9.92,52.32%
05.10.2024,https://www.amazon.ca/dp/B0CFXHQZ4X,B0CFXHQZ4X,305,C$33.72,$8.99,CA$5.75,32.65%
05.10.2024,https://www.amazon.ca/dp/B076B3KQD5,B076B3KQD5,7,C$36.74,$9.99,CA$4.85,25.58%
06.10.2024,https://www.amazon.ca/dp/B0D1K1WCKQ?th=1,B0D1K1WCKQ,42,C$34.86,$8.99,CA$5.87,33.33%
06.10.2024,https://www.amazon.ca/dp/B0B4F4FG71,B0B4F4FG71,15,C$35.85,$9.99,CA$7.01,36.89%
06.10.2024,https://www.amazon.ca/dp/B00HA6TW6A,B00HA6TW6A,22,C$36.96,$9.99,CA$6.27,33.00%
06.10.2024,https://www.amazon.ca/dp/B0CZNZY2BH,B0CZNZY2BH,6,C$34.99,$9.99,CA$6.27,33.00%
06.10.2024,https://www.amazon.ca/dp/B00ZAD36ZS,B00ZAD36ZS,10,C$37.99,$10.29,CA$5.43,27.97%
06.10.2024,https://www.amazon.ca/dp/B0CRK1R77Q,B0CRK1R77Q,101,C$85.06,$25.00,CA$24.38,60.96%
07.10.2024,https://www.amazon.ca/dp/B07N7FVXPX,B07N7FVXPX,21,C$32.00,$8.15,CA$4.55,27.57%
07.10.2024,https://www.amazon.ca/dp/B08SC74YYS,B08SC74YYS,20,C$32.00,$8.80,CA$6.86,39.47%
07.10.2024,https://www.amazon.ca/dp/B0C2C3B878,B0C2C3B878,18,C$36.66,$8.88,CA$7.96,45.51%
07.10.2024,https://www.amazon.ca/dp/B08KDWPDZN,B08KDWPDZN,8,C$36.15,$9.57,CA$4.85,26.31%
07.10.2024,https://www.amazon.ca/dp/B073Y864WJ,B073Y864WJ,227,C$34.04,$9.11,CA$6.60,37.07%
07.10.2024,https://www.amazon.ca/dp/B00C4XFMO0,B00C4XFMO0,39,C$52.94,$16.99,CA$10.83,38.00%
08.10.2024,https://www.amazon.ca/dp/B0BFRJ6J3Q?th=1,B0BFRJ6J3Q,207,C$40.46,$11.99,CA$5.05,23.12%
08.10.2024,https://www.amazon.ca/dp/B0B7RKXG6D,B0B7RKXG6D,39,C$48.53,$12.78,CA$4.96,21.64%
08.10.2024,https://www.amazon.ca/dp/B08PB2Y4F9,B08PB2Y4F9,15,C$30.14,$7.99,CA$3.10,18.93%
08.10.2024,https://www.amazon.ca/dp/B083VR6LC1,B083VR6LC1,68,C$137.79,$49.95,CA$36.73,49.86%
08.10.2024,https://www.amazon.ca/dp/B08XNXT4M8,B08XNXT4M8,10,C$35.75,$9.99,CA$6.57,34.39%
08.10.2024,https://www.amazon.ca/dp/B07PPTT7GT?th=1,B07PPTT7GT,60,C$32.02,$8.99,CA$5.03,28.36%
08.10.2024,https://www.amazon.ca/dp/B071148XDT,B071148XDT,40,C$33.63,$8.95,CA$4.97,28.11%
08.10.2024,https://www.amazon.ca/dp/B07R6M7FS7,B07R6M7FS7,55,C$31.67,$8.99,CA$4.73,26.67%
08.10.2024,https://www.amazon.ca/dp/B08ZMRWXMW,B08ZMRWXMW,7,C$35.52,$9.99,CA$4.79,25.07%
08.10.2024,https://www.amazon.ca/dp/B082NDSZSS,B082NDSZSS,11,C$36.08,$9.99,CA$4.70,24.60%
09.10.2024,https://www.amazon.ca/dp/B0BB98CYZ3,B0BB98CYZ3,12,C$44.88,$12.99,CA$8.82,38.03%
09.10.2024,https://www.amazon.ca/dp/B08HXC89BD,B08HXC89BD,13,C$34.43,$9.95,CA$5.74,30.14%
09.10.2024,https://www.amazon.ca/dp/B0B18WHJWG,B0B18WHJWG,7,C$32.65,$8.99,CA$4.40,25.24%
09.10.2024,https://www.amazon.ca/dp/B084GX16S1,B084GX16S1,83,C$100.75,$37.00,CA$21.56,38.52%
09.10.2024,https://www.amazon.ca/dp/B09GW7HFY2,B09GW7HFY2,19,C$38.82,$11.17,CA$4.81,23.23%
09.10.2024,https://www.amazon.ca/dp/B07XQM9ZT6,B07XQM9ZT6,21,C$33.08,$9.99,CA$3.72,19.48%
09.10.2024,https://www.amazon.ca/dp/B0B433T25C,B0B433T25C,17,C$39.29,$11.97,CA$4.11,18.85%
09.10.2024,https://www.amazon.ca/dp/B08GMB4K3V,B08GMB4K3V,10,C$32.67,$8.94,CA$5.71,32.33%
10.10.2024,https://www.amazon.ca/dp/B08GMB4K3V,B08GMB4K3V,8,C$33.00,$8.94,CA$5.85,32.97%
10.10.2024,https://www.amazon.ca/dp/B002VLGD2A,B002VLGD2A,18,C$33.76,$8.99,CA$4.49,25.21%
10.10.2024,https://www.amazon.ca/dp/B00RHEV0CO,B00RHEV0CO,12,C$31.92,$8.99,CA$4.86,27.28%
10.10.2024,https://www.amazon.ca/dp/B00BH0OSWI,B00BH0OSWI,8,C$45.54,$13.50,CA$6.40,26.66%
10.10.2024,https://www.amazon.ca/dp/B0CNT11PHN,B0CNT11PHN,11,C$34.38,$9.59,CA$4.44,23.83%
10.10.2024,https://www.amazon.ca/dp/B0BMVBL2CS,B0BMVBL2CS,12,C$35.37,$9.99,CA$5.55,28.93%
10.10.2024,https://www.amazon.ca/dp/B01FF3V870,B01FF3V870,89,C$38.99,$10.99,CA$5.39,26.22%
10.10.2024,https://www.amazon.ca/dp/B001ECQ51G,B001ECQ51G,93,C$35.59,$9.99,CA$4.94,25.75%
11.10.2024,https://www.amazon.ca/dp/B00JG9KL3C,B00JG9KL3C,7,C$32.18,$8.99,CA$5.07,28.46%
11.10.2024,https://www.amazon.ca/dp/B088D33RBD,B088D33RBD,70,C$34.80,$8.92,CA$5.07,28.61%
11.10.2024,https://www.amazon.ca/dp/B07B88R1JW,B07B88R1JW,9,C$34.77,$9.99,CA$4.22,22.00%
11.10.2024,https://www.amazon.ca/dp/B07TP7GC5D,B07TP7GC5D,56,C$34.67,$7.99,CA$6.76,41.11%
11.10.2024,https://www.amazon.ca/dp/B00XM5KSV6,B00XM5KSV6,41,C$41.50,$9.72,CA$8.03,42.57%
11.10.2024,https://www.amazon.ca/dp/B08L5G5JGJ,B08L5G5JGJ,11,C$37.69,$11.00,CA$3.12,15.13%
11.10.2024,https://www.amazon.ca/dp/B002GUIDEM,B002GUIDEM,30,C$44.21,$13.80,CA$7.18,29.37%
11.10.2024,https://www.amazon.ca/dp/B00FEO58G8,B00FEO58G8,127,C$34.53,$9.99,CA$3.99,20.74%
12.10.2024,https://www.amazon.ca/dp/B00FEO58G8,B00FEO58G8,163,C$35.30,$9.99,CA$4.62,23.98%
12.10.2024,https://www.amazon.ca/dp/B002LMQDLK,B074WHVD6X,15,C$36.25,$8.36,CA$5.84,34.31%
12.10.2024,https://www.amazon.ca/dp/B07BM52C76,B07BM52C76,11,C$44.66,$13.00,CA$10.08,43.05%
12.10.2024,https://www.amazon.ca/dp/B09KY8MT2T,B09KY8MT2T,17,C$40.56,$9.99,CA$9.12,47.40%
12.10.2024,https://www.amazon.ca/dp/B07M764R85,B07M764R85,7,C$36.00,$10.95,CA$4.09,19.86%
12.10.2024,https://www.amazon.ca/dp/B000CODWCC,B000CODWCC,9,C$37.00,$9.47,CA$6.78,36.54%
12.10.2024,https://www.amazon.ca/dp/B00B8Z2LRQ,B00B8Z2LRQ,13,C$43.30,$12.99,CA$7.10,30.34%
12.10.2024,https://www.amazon.ca/dp/B01486A312,B01486A312,8,C$34.00,$8.47,CA$5.00,29.12%
12.10.2024,https://www.amazon.ca/dp/B000S15HGS,B000S15HGS,22,C$37.57,$12.67,CA$4.26,18.55%
12.10.2024,https://www.amazon.ca/dp/B0CQY4NPPD,B0CQY4NPPD,8,C$32.23,$9.90,CA$3.10,16.19%
13.10.2024,https://www.amazon.ca/dp/B09GL4YRYS,B09GL4YRYS,39,C$31.60,$8.95,CA$3.13,18.41%
13.10.2024,https://www.amazon.ca/dp/B0B1K98WXX,B0B1K98WXX,9,C$59.99,$19.99,CA$9.23,27.93%
13.10.2024,https://www.amazon.ca/dp/B007OW6MD6,B007OW6MD6,24,C$32.65,$9.90,CA$5.13,26.80%
13.10.2024,https://www.amazon.ca/dp/B07S28PFVZ,B07S28PFVZ,7,C$40.77,$12.96,CA$3.99,16.78%
13.10.2024,https://www.amazon.ca/dp/B0CRXVNRQ9,B0CRXVNRQ9,13,C$33.50,$9.99,CA$4.74,24.59%
13.10.2024,https://www.amazon.ca/dp/B09WNHPB79,B09WNHPB79,15,C$154.58,$52.34,CA$45.88,59.13%
14.10.2024,https://www.amazon.ca/dp/B0BXWMPPW3,B0BXWMPPW3,30,C$41.85,$13.75,CA$4.47,19.06%
14.10.2024,https://www.amazon.ca/dp/B07ZHLC564,B07ZHLC564,16,C$60.64,$18.69,CA$12.15,38.80%
14.10.2024,https://www.amazon.ca/dp/B077JRV4LK,B077JRV4LK,14,C$35.32,$9.99,CA$4.31,22.32%
14.10.2024,https://www.amazon.ca/dp/B0037NUC2S,B0037NUC2S,5,C$38.50,$11.99,CA$4.56,20.66%
14.10.2024,https://www.amazon.ca/dp/B08C55CQ25,B08C55CQ25,7,C$33.49,$9.99,CA$4.23,21.90%
15.10.2024,https://www.amazon.ca/dp/B071D4D5DT,B071D4D5DT,670,C$35.99,$9.30,CA$6.07,32.58%
15.10.2024,https://www.amazon.ca/dp/B0B87NBXGQ,B0B87NBXGQ,11,C$39.99,$11.99,CA$5.98,27.09%
15.10.2024,https://www.amazon.ca/dp/B000V52XMW,B000V52XMW,13,C$38.09,$12.25,CA$3.81,16.98%
15.10.2024,https://www.amazon.ca/dp/B00LRKJV1Q,B00LRKJV1Q,31,C$39.07,$12.07,CA$4.55,20.51%
15.10.2024,https://www.amazon.ca/dp/B07MBRKX2T,B07MBRKX2T,20,C$33.34,$9.99,CA$2.90,15.01%
15.10.2024,https://www.amazon.ca/dp/B002HNSEQU,B002HNSEQU,35,C$37.35,$10.79,CA$4.59,22.48%
15.10.2024,https://www.amazon.ca/dp/B005LJX3ZE,B005LJX3ZE,25,C$39.80,$9.99,CA$7.09,36.47%
15.10.2024,https://www.amazon.ca/dp/B099GCSSM1,B099GCSSM1,7,C$40.57,$12.32,CA$6.38,28.33%
15.10.2024,https://www.amazon.ca/dp/B07CZCGH2X,B07CZCGH2X,7,C$57.50,$14.99,CA$14.33,54.69%